ST Function Division;Org Line;Support Line Number
A2_1;B;1st
A2_1;A2;2nd
A2_1;A2;1st
A2_1;A2;3rd
A2_1;C;1st
A2_2;A2;2nd
A2_2;A2;1st
A2_2;A2;3rd
A2_3;A2;2nd
A2_3;A2;3rd
A2_3;A2;1st
A2_4;A2;2nd
A2_4;A2;1st
A2_4;A2;3rd
A2_4;G3;2nd
A2_5;A2;2nd
A2_5;A2;3rd
A2_5;A2;2nd 3rd
A2_5;A2;1st
C_1;C;3rd
C_3;C;3rd
C_5;C;3rd
C_6;C;3rd
C_6;B;3rd
C_6;C;2nd
D_1;A2;2nd
D_1;A2;3rd
D_1;F;1st
D_2;D;2nd
E_1;C;1st
E_1;C;2nd
E_10;C;2nd
E_10;B;2nd
E_10;C;1st
E_10;C;3rd
E_2;C;2nd
E_3;C;2nd
E_3;B;2nd
E_4;C;2nd
E_5;C;1st
E_5;C;2nd
E_6;C;3rd
E_6;B;1st
E_6;B;2nd
E_6;C;2nd
E_6;G1;2nd
E_7;C;2nd
E_8;C;2nd
E_9;C;2nd
Uknown;;1st
Uknown;E;1st
Uknown;;3rd
Uknown;V7n;2nd
Uknown;B;2nd
Uknown;V11;1st
Uknown;B;1st
Uknown;V5;2nd
Uknown;V11;2nd
Uknown;C;2nd
Uknown;V2;2nd
Uknown;F;2nd
Uknown;V10;1st
Uknown;G4;2nd
Uknown;V3;1st
Uknown;G4;3rd
Uknown;V1;2nd
Uknown;G1;2nd
Uknown;V2;1st
Uknown;;2nd
Uknown;H;1st
Uknown;V9;2nd
Uknown;C;1st
Uknown;V5;1st
Uknown;G1;1st
Uknown;V7;2nd
V3_2;C;1st
V3_2;C;2nd
V3_2;G2;1st
V3_2;B;1st
V3_2;B;2nd
V3_2;V8;1st
V3_2;V11;1st
V3_3;C;2nd
;B;2nd
;C;2nd
;;1st
;V7n;2nd
;V11;1st
;G1;1st
;V3;1st
;F;2nd
;;2nd
;G4;2nd
;G4;3rd
;V5;2nd
;E;1st
;V2;2nd
;V2;1st
;H;1st
;V11;2nd
;V7;2nd
;V5;1st
;C;1st
;B;1st
;V10;1st
;V9;2nd
;V7n;3rd
;A2;2nd
;G3;3rd
;V;2nd
;;3rd
;V4;2nd
;V1;2nd
;C;3rd
;I;1st
;G1;2nd
;H;3rd
